Symbol,Security,GICS Sector,GICS Sub-Industry,Headquarters Location,Date added,CIK,Founded,Market Capitalization,Current stock value
MMM,3M,Industrials,Industrial Conglomerates,"Saint Paul, Minnesota",1957-03-04,66740,1902,58499831681.12988,106.08
AOS,A. O. Smith,Industrials,Building Products,"Milwaukee, Wisconsin",2017-07-26,91142,1916,10439196354.565918,67.88
ABT,Abbott,Health Care,Health Care Equipment,"North Chicago, Illinois",1957-03-04,1800,1888,195154401701.2207,112.29
ABBV,AbbVie,Health Care,Pharmaceuticals,"North Chicago, Illinois",2012-12-31,1551152,2013 (1888),284397026402.9219,161.21
ACN,Accenture,Information Technology,IT Consulting & Other Services,"Dublin, Ireland",2011-07-06,1467373,1989,176907992142.33398,279.9
ATVI,Activision Blizzard,Communication Services,Interactive Home Entertainment,"Santa Monica, California",2015-08-31,718877,2008,67055425632.0,85.5
ADM,ADM,Consumer Staples,Agricultural Products & Services,"Chicago, Illinois",1957-03-04,7084,1902,44781165426.78223,81.95
ADBE,Adobe Inc.,Information Technology,Application Software,"San Jose, California",1997-05-05,796343,1982,174356450280.76172,380.11
ADP,ADP,Industrials,Human Resource & Employment Services,"Roseland, New Jersey",1981-03-31,8670,1949,89930955298.0957,217.04
AAP,Advance Auto Parts,Consumer Discretionary,Automotive Retail,"Raleigh, North Carolina",2015-07-09,1158449,1932,7614051343.275452,128.11
AES,AES Corporation,Utilities,Independent Power Producers & Energy Traders,"Arlington, Virginia",1998-10-02,874761,1981,16391258912.0,24.5
AFL,Aflac,Financials,Life & Health Insurance,"Columbus, Georgia",1999-05-28,4977,1955,41094268285.33203,66.94
A,Agilent Technologies,Health Care,Health Care Equipment,"Santa Clara, California",2000-06-05,1090872,1999,41081878917.09375,138.93
APD,Air Products and Chemicals,Materials,Industrial Gases,"Allentown, Pennsylvania",1985-04-30,2969,1940,64515113824.0,290.5
AKAM,Akamai,Information Technology,Internet Services & Infrastructure,"Cambridge, Massachusetts",2007-07-12,1086222,1998,12848188322.998047,82.2
ALK,Alaska Air Group,Industrials,Passenger Airlines,"SeaTac, Washington",2016-05-13,766421,1985,5696892649.147034,43.65
ALB,Albemarle Corporation,Materials,Specialty Chemicals,"Charlotte, North Carolina",2016-07-01,915913,1994,23903190076.812744,203.78
ARE,Alexandria Real Estate Equities,Real Estate,Office REITs,"Pasadena, California",2017-03-20,1035443,1994,21668272990.40222,125.24
ALGN,Align Technology,Health Care,Health Care Supplies,"Tempe, Arizona",2017-06-19,1097149,1997,27347477055.29785,356.37
ALLE,Allegion,Industrials,Building Products,"New York City, New York",2013-12-02,1579241,1908,9154025758.815002,104.18
LNT,Alliant Energy,Utilities,Electric Utilities,"Madison, Wisconsin",2016-07-01,352541,1917,13899132170.150757,55.29
ALL,Allstate,Financials,Property & Casualty Insurance,"Northfield Township, Illinois",1995-07-13,899051,1931,31203009712.112427,116.51
GOOGL,Alphabet Inc. (Class A),Communication Services,Interactive Media & Services,"Mountain View, California",2014-04-03,1652044,1998,1336869021249.8672,104.18
GOOG,Alphabet Inc. (Class C),Communication Services,Interactive Media & Services,"Mountain View, California",2006-04-03,1652044,1998,1341955988859.0078,105.02
MO,Altria,Consumer Staples,Tobacco,"Richmond, Virginia",1957-03-04,764180,1985,82984528108.09082,46.46
AMZN,Amazon,Consumer Discretionary,Internet & Direct Marketing Retail,"Seattle, Washington",2005-11-18,1018724,1994,1069909417954.5312,104.3
AMCR,Amcor,Materials,Paper & Plastic Packaging Products & Materials,"Warmley, Bristol, United Kingdom",2019-06-07,1748790,2019 (1860),16462441932.083984,11.08
AMD,AMD,Information Technology,Semiconductors,"Santa Clara, California",2017-03-20,2488,1969,144928416216.9375,89.94
AEE,Ameren,Utilities,Multi-Utilities,"St. Louis, Missouri",1991-09-19,1002910,1902,23436393704.623047,89.29
AAL,American Airlines Group,Industrials,Passenger Airlines,"Fort Worth, Texas",2015-03-23,6201,1934,8897896111.82898,13.63
AEP,American Electric Power,Utilities,Electric Utilities,"Columbus, Ohio",1957-03-04,4904,1906,48117631999.27368,93.54
AXP,American Express,Financials,Consumer Finance,"New York City, New York",1976-06-30,4962,1850,122733681790.09082,164.95
AIG,American International Group,Financials,Property & Casualty Insurance,"New York City, New York",1980-03-31,5272,1919,39009124515.17383,53.17
AMT,American Tower,Real Estate,Telecom Tower REITs,"Boston, Massachusetts",2007-11-19,1053507,1995,96991203589.39844,208.12
AWK,American Water Works,Utilities,Water Utilities,"Camden, New Jersey",2016-03-04,1410636,1886,29003753552.874023,149.01
AMP,Ameriprise Financial,Financials,Asset Management & Custody Banks,"Minneapolis, Minnesota",2005-10-03,820027,1894,33265005758.514404,315.97
ABC,AmerisourceBergen,Health Care,Health Care Distributors,"Conshohocken, Pennsylvania",2001-08-30,1140859,1985,33267394975.860596,164.48
AME,Ametek,Industrials,Electrical Components & Equipment,"Berwyn, Pennsylvania",2013-09-23,1037868,1930,31698055667.60254,137.57
AMGN,Amgen,Health Care,Biotechnology,"Thousand Oaks, California",1992-01-02,318154,1980,131529080706.32861,246.21
APH,Amphenol,Information Technology,Electronic Components,"Wallingford, Connecticut",2008-09-30,820313,1932,46043516029.302246,77.35
ADI,Analog Devices,Information Technology,Semiconductors,"Wilmington, Massachusetts",1999-10-12,6281,1965,95378583185.34082,188.55
ANSS,Ansys,Information Technology,Application Software,"Canonsburg, Pennsylvania",2017-06-19,1013462,1969,28159656587.40039,324.38
AON,Aon,Financials,Insurance Brokers,"London, UK",1996-04-23,315293,1982 (1919),67506079442.50488,329.07
APA,APA Corporation,Energy,Oil & Gas Exploration & Production,"Houston, Texas",1997-07-28,1841666,1954,12065513725.092041,38.79
AAPL,Apple Inc.,Information Technology,"Technology Hardware, Storage & Peripherals","Cupertino, California",1982-11-30,320193,1977,2667865139537.5,167.63
AMAT,Applied Materials,Information Technology,Semiconductor Materials & Equipment,"Santa Clara, California",1995-03-16,6951,1967,93250318790.52539,110.34
APTV,Aptiv,Consumer Discretionary,Automotive Parts & Equipment,"Dublin, Ireland",2012-12-24,1521332,1994,29113160121.88379,107.41
ACGL,Arch Capital Group,Financials,Reinsurance,"Hamilton, Bermuda",2022-11-01,947484,1995,26869866576.84326,72.13
ANET,Arista Networks,Information Technology,Communications Equipment,"Santa Clara, California",2018-08-28,1596532,2004,48437985692.66797,158.09
AJG,Arthur J. Gallagher & Co.,Financials,Insurance Brokers,"Rolling Meadows, Illinois",2016-05-31,354190,1927,43703411576.58984,204.15
AIZ,Assurant,Financials,Multi-line Insurance,"New York City, New York",2007-04-10,1267238,1892,6292824412.802124,118.91
T,AT&T,Communication Services,Integrated Telecommunication Services,"Dallas, Texas",1983-11-30,732717,1983 (1885),140924351979.30273,19.7
ATO,Atmos Energy,Utilities,Gas Utilities,"Dallas, Texas",2019-02-15,731802,1906,16578207673.426758,114.74
ADSK,Autodesk,Information Technology,Application Software,"San Francisco, California",1989-12-01,769397,1982,42217747528.10742,196.56
AZO,AutoZone,Consumer Discretionary,Specialty Stores,"Memphis, Tennessee",1997-01-02,866787,1979,48996017115.01465,2663.16
AVB,AvalonBay Communities,Real Estate,Residential REITs,"Arlington, Virginia",2007-01-10,915912,1978,24637175129.878418,175.26
AVY,Avery Dennison,Materials,Paper & Plastic Packaging Products & Materials,"Glendale, California",1987-12-31,8818,1990,14600430644.454956,180.01
BKR,Baker Hughes,Energy,Oil & Gas Equipment & Services,"Houston, Texas",2017-07-07,1701605,2017,31136667144.824707,30.56
BALL,Ball Corporation,Materials,"Metal, Glass & Plastic Containers","Broomfield, Colorado",1984-10-31,9389,1880,16417707701.542969,52.22
BAC,Bank of America,Financials,Diversified Banks,"Charlotte, North Carolina",1976-06-30,70858,1998 (1923 / 1874),239651544066.09766,30.06
BBWI,"Bath & Body Works, Inc.",Consumer Discretionary,Specialty Stores,"Columbus, Ohio",1983-09-30,701985,1963,8150655535.448486,35.6
BAX,Baxter International,Health Care,Health Care Equipment,"Deerfield, Illinois",1972-09-30,10456,1931,22337713515.10034,43.62
BDX,Becton Dickinson,Health Care,Health Care Equipment,"Franklin Lakes, New Jersey",1972-09-30,10795,1897,73488038574.40039,258.85
WRB,Berkley,Financials,Property & Casualty Insurance,"Greenwich, Connecticut",2019-12-05,11544,1967,16552312662.384033,62.83
BRK-B,Berkshire Hathaway,Financials,Multi-Sector Holdings,"Omaha, Nebraska",2010-02-16,1067983,1839,712675118974.8828,323.09
BBY,Best Buy,Consumer Discretionary,Computer & Electronics Retail,"Richfield, Minnesota",1999-06-29,764478,1966,15854124460.372925,72.71
BIO,Bio-Rad,Health Care,Life Sciences Tools & Services,"Hercules, California",2020-06-22,12208,1952,14317767500.335693,486.4
TECH,Bio-Techne,Health Care,Life Sciences Tools & Services,"Minneapolis, Minnesota",2021-08-30,842023,1976,13366844648.025513,84.98
BIIB,Biogen,Health Care,Biotechnology,"Cambridge, Massachusetts",2003-11-13,875045,1978,42228921632.629395,292.27
BLK,BlackRock,Financials,Asset Management & Custody Banks,"New York City, New York",2011-04-04,1364742,1988,104219945174.16406,695.24
BK,BNY Mellon,Financials,Asset Management & Custody Banks,"New York City, New York",1995-03-31,1390777,1784,35700424208.375244,45.24
BA,Boeing,Industrials,Aerospace & Defense,"Chicago, Illinois",1957-03-04,12927,1916,125054240701.83496,208.71
BKNG,Booking Holdings,Consumer Discretionary,Internet & Direct Marketing Retail,"Norwalk, Connecticut",2009-11-06,1075531,1996,102882092142.23633,2676.28
BWA,BorgWarner,Consumer Discretionary,Automotive Parts & Equipment,"Auburn Hills, Michigan",2011-12-19,908255,1880,11411045780.57483,48.81
BXP,Boston Properties,Real Estate,Office REITs,"Boston, Massachusetts",2006-04-03,1037540,1970,8572579642.684937,53.9
BSX,Boston Scientific,Health Care,Health Care Equipment,"Marlborough, Massachusetts",1995-02-24,885725,1979,76020385361.44336,52.89
BMY,Bristol Myers Squibb,Health Care,Pharmaceuticals,"New York City, New York",1957-03-04,14272,1989 (1887),146936537048.23242,69.86
AVGO,Broadcom Inc.,Information Technology,Semiconductors,"San Jose, California",2014-05-08,1730168,1961,264538278000.0,634.5
BR,Broadridge Financial Solutions,Industrials,Data Processing & Outsourced Services,"Lake Success, New York",2018-06-18,1383312,1962,17141007747.619629,144.27
BRO,Brown & Brown,Financials,Insurance Brokers,"Daytona Beach, Florida",2021-09-20,79282,1939,17132521080.604492,60.39
BF-B,Brown–Forman,Consumer Staples,Distillers & Vintners,"Louisville, Kentucky",1982-10-31,14693,1870,30901825535.03418,64.15
BG,Bunge Limited,Consumer Staples,Agricultural Products & Services,"Chesterfield, Missouri",2023-03-15,1144519,1818,14506888500.0,96.75
CHRW,C.H. Robinson,Industrials,Air Freight & Logistics,"Eden Prairie, Minnesota",2007-03-02,1043277,1905,11182752000.0,96.0
CDNS,Cadence Design Systems,Information Technology,Application Software,"San Jose, California",2017-09-18,813672,1988,58376352859.74121,213.67
CZR,Caesars Entertainment,Consumer Discretionary,Casinos & Gaming,"Reno, Nevada",2021-03-22,1590895,1973,9994971742.07306,44.87
CPT,Camden Property Trust,Real Estate,Residential REITs,"Houston, Texas",2022-04-04,906345,1981,11414032720.977783,106.91
CPB,Campbell Soup Company,Consumer Staples,Packaged Foods & Meats,"Camden, New Jersey",1957-03-04,16732,1869,16240583342.910767,54.23
COF,Capital One,Financials,Consumer Finance,"Tysons Corner, Virginia",1998-07-01,927628,1994,37976788872.72949,99.3
CAH,Cardinal Health,Health Care,Health Care Distributors,"Dublin, Ohio",1997-05-27,721371,1971,20350904691.5437,78.99
KMX,CarMax,Consumer Discretionary,Automotive Retail,"Richmond, Virginia",2010-06-28,1170010,1993,10769159899.169922,68.12
CCL,Carnival,Consumer Discretionary,"Hotels, Resorts & Cruise Lines","Miami, Florida",1998-12-22,815097,1972,12767635934.893188,9.8
CARR,Carrier Global,Industrials,Building Products,"Palm Beach Gardens, Florida",2020-04-03,1783180,2020 (1915),37556094518.269775,44.98
CTLT,Catalent,Health Care,Pharmaceuticals,"Somerset, New Jersey",2020-09-21,1596783,2007,7756476245.040894,43.07
CAT,Caterpillar Inc.,Industrials,Construction Machinery & Heavy Transportation Equipment,"Irving, Texas",1957-03-04,18230,1925,115997122154.07422,224.65
CBOE,Cboe Global Markets,Financials,Financial Exchanges & Data,"Chicago, Illinois",2017-03-01,1374310,1973,14590418688.217163,137.98
CBRE,CBRE Group,Real Estate,Real Estate Services,"Dallas, Texas",2006-11-10,1138118,1906,22454287344.0,72.25
CDW,CDW,Information Technology,Technology Distributors,"Lincolnshire, Illinois",2019-09-23,1402057,1984,22313655660.15625,165.12
CE,Celanese,Materials,Specialty Chemicals,"Irving, Texas",2018-12-24,1306830,1918,12092115817.642212,109.11
CNC,Centene Corporation,Health Care,Managed Health Care,"St. Louis, Missouri",2016-03-30,1071739,1984,36775747464.71875,66.78
CNP,CenterPoint Energy,Utilities,Multi-Utilities,"Houston, Texas",1985-07-31,1130310,1882,19251901918.505127,30.51
CDAY,Ceridian,Information Technology,Application Software,"Minneapolis, Minnesota",2021-09-20,1725057,1992,10537619744.115967,69.01
CF,CF Industries,Materials,Fertilizers & Agricultural Chemicals,"Deerfield, Illinois",2008-08-27,1324404,1946,14580465899.032593,74.4
CRL,Charles River Laboratories,Health Care,Life Sciences Tools & Services,"Wilmington, Massachusetts",2021-05-14,1100682,1947,10383251516.088867,202.87
SCHW,Charles Schwab Corporation,Financials,Investment Banking & Brokerage,"Westlake, Texas",1997-06-02,316709,1971,101029340001.23438,55.55
CHTR,Charter Communications,Communication Services,Cable & Satellite,"Stamford, Connecticut",2016-09-08,1091667,1993,52461573969.11719,343.67
CVX,Chevron Corporation,Energy,Integrated Oil & Gas,"San Ramon, California",1957-03-04,93410,1879,323377141323.2422,170.68
CMG,Chipotle Mexican Grill,Consumer Discretionary,Restaurants,"Newport Beach, California",2011-04-28,1058090,1993,49838938000.0,1805.0
CB,Chubb Limited,Financials,Property & Casualty Insurance,"Zurich, Switzerland",2010-07-15,896159,1985,84693063136.0,204.5
CHD,Church & Dwight,Consumer Staples,Household Products,"Ewing, New Jersey",2015-12-29,313927,1847,21848071340.7135,89.52
CI,Cigna,Health Care,Managed Health Care,"Bloomfield, Connecticut",1976-06-30,1739940,1982,76070151064.14551,256.1
CINF,Cincinnati Financial,Financials,Property & Casualty Insurance,"Fairfield, Ohio",1997-12-18,20286,1950,17025304272.033691,108.32
CTAS,Cintas,Industrials,Diversified Support Services,"Mason, Ohio",2001-03-01,723254,1929,46206268294.37256,454.33
CSCO,Cisco,Information Technology,Communications Equipment,"San Jose, California",1993-12-01,858877,1984,196763198087.11523,48.04
C,Citigroup,Financials,Diversified Banks,"New York City, New York",1988-05-31,831001,1998,98101588582.8623,50.4
CFG,Citizens Financial Group,Financials,Regional Banks,"Providence, Rhode Island",2016-01-29,759944,1828,14771424256.0,30.5
CLX,Clorox,Consumer Staples,Household Products,"Oakland, California",1969-03-31,21076,1913,20318583710.266113,160.54
CME,CME Group,Financials,Financial Exchanges & Data,"Chicago, Illinois",2006-08-11,1156375,1848,69167789685.14795,192.27
CMS,CMS Energy,Utilities,Multi-Utilities,"Jackson, Michigan",1957-03-04,811156,1886,17968679898.010254,61.61
KO,Coca-Cola Company (The),Consumer Staples,Soft Drinks & Non-alcoholic Beverages,"Atlanta, Georgia",1957-03-04,21344,1886,275936278130.0586,63.68
CTSH,Cognizant,Information Technology,IT Consulting & Other Services,"Teaneck, New Jersey",2006-11-17,1058290,1994,30685024232.0,60.25
CL,Colgate-Palmolive,Consumer Staples,Household Products,"New York City, New York",1957-03-04,21665,1806,62901307163.17969,75.59
CMCSA,Comcast,Communication Services,Cable & Satellite,"Philadelphia, Pennsylvania",2002-11-19,1166691,1963,161264291328.0,38.25
CMA,Comerica,Financials,Diversified Banks,"Dallas, Texas",1995-12-01,28412,1849,6192994280.067444,47.09
CAG,Conagra Brands,Consumer Staples,Packaged Foods & Meats,"Chicago, Illinois",1983-08-31,23217,1919,17812476021.097656,37.35
COP,ConocoPhillips,Energy,Oil & Gas Exploration & Production,"Houston, Texas",1957-03-04,1163165,2002,128197210885.89648,105.26
ED,Consolidated Edison,Utilities,Electric Utilities,"New York City, New York",1957-03-04,1047862,1823,33999426678.791016,98.14
STZ,Constellation Brands,Consumer Staples,Distillers & Vintners,"Victor, New York",2005-07-01,16918,1945,42053637291.83203,227.87
CEG,Constellation Energy,Utilities,Multi-Utilities,"Baltimore, Maryland",2022-02-02,1868275,1999,24483390152.0,74.75
COO,CooperCompanies,Health Care,Health Care Supplies,"San Ramon, California",2016-09-23,711404,1958,19067151000.595093,385.54
CPRT,Copart,Industrials,Diversified Support Services,"Dallas, Texas",2018-07-02,900075,1982,37212381688.02783,78.08
GLW,Corning Inc.,Information Technology,Electronic Components,"Corning, New York",1995-02-27,24741,1851,28805888000.0,34.0
CTVA,Corteva,Materials,Fertilizers & Agricultural Chemicals,"Indianapolis, Indiana",2019-06-03,1755672,2019,44359660752.0,62.25
CSGP,CoStar Group,Industrials,Research & Consulting Services,"Washington, D.C.",2022-09-19,1057352,1987,28347941673.095703,69.69
COST,Costco,Consumer Staples,Consumer Staples Merchandise Retail,"Issaquah, Washington",1993-10-01,909832,1976,219980875916.8789,496.03
CTRA,Coterra,Energy,Oil & Gas Exploration & Production,"Houston, Texas",2008-06-23,858470,2021 (1989),19730738480.13379,25.7
CCI,Crown Castle,Real Estate,Telecom Tower REITs,"Houston, Texas",2012-03-14,1051470,1994,57916495205.052734,133.55
CSX,CSX,Industrials,Rail Transportation,"Jacksonville, Florida",1957-03-04,277948,1980,62600018239.14038,30.56
CMI,Cummins,Industrials,Industrial Machinery & Supplies & Components,"Columbus, Indiana",1965-03-31,26172,1919,33184052568.0542,234.45
CVS,CVS Health,Health Care,Health Care Services,"Woonsocket, Rhode Island",1957-03-04,64803,1996,94976184315.64062,74.21
DHI,D.R. Horton,Consumer Discretionary,Homebuilding,"Arlington, Texas",2005-06-22,882184,1978,34978010374.71045,101.86
DHR,Danaher Corporation,Health Care,Health Care Equipment,"Washington, D.C.",1998-11-18,313616,1969,185747297352.9756,254.76
DRI,Darden Restaurants,Consumer Discretionary,Restaurants,"Orlando, Florida",1995-05-31,940944,1938,18326790319.04602,151.55
DVA,DaVita Inc.,Health Care,Health Care Facilities,"Denver, Colorado",2008-07-31,927066,1979,7557439862.060547,83.6
DE,John Deere,Industrials,Agricultural & Farm Machinery,"Moline, Illinois",1957-03-04,315189,1837,116386382400.18945,392.77
DAL,Delta Air Lines,Industrials,Passenger Airlines,"Atlanta, Georgia",2013-09-11,27904,1929,23092821718.70166,35.93
XRAY,Dentsply Sirona,Health Care,Health Care Supplies,"Charlotte, North Carolina",2008-11-14,818479,2016 (1969),8699492372.703552,40.59
DVN,Devon Energy,Energy,Oil & Gas Exploration & Production,"Oklahoma City, Oklahoma",2000-08-30,1090012,1971,36418808775.660645,54.85
DXCM,Dexcom,Health Care,Health Care Equipment,"San Diego, California",2020-05-12,1093557,1999,48113381384.67407,124.12
FANG,Diamondback Energy,Energy,Oil & Gas Exploration & Production,"Midland, Texas",2018-12-03,1539838,2007,26091188868.11133,143.67
DLR,Digital Realty,Real Estate,Data Center REITs,"Austin, Texas",2016-05-18,1297996,2004,28719928213.630127,96.51
DFS,Discover Financial,Financials,Consumer Finance,"Riverwoods, Illinois",2007-07-02,1393612,1985,27430019067.974854,105.76
DISH,Dish Network,Communication Services,Cable & Satellite,"Meridian, Colorado",2017-03-13,1001082,1980,4158920119.4763184,7.83
DIS,Disney,Communication Services,Movies & Entertainment,"Burbank, California",1976-06-30,1744489,1923,180397485920.0,98.75
DG,Dollar General,Consumer Staples,Consumer Staples Merchandise Retail,"Goodlettsville, Tennessee",2012-12-03,29534,1939,47439071876.40381,216.51
DLTR,Dollar Tree,Consumer Staples,Consumer Staples Merchandise Retail,"Chesapeake, Virginia",2011-12-19,935703,1986,32850146935.2417,148.49
D,Dominion Energy,Utilities,Electric Utilities,"Richmond, Virginia",,715957,1983,47968465644.33838,57.43
DPZ,Domino's,Consumer Discretionary,Restaurants,"Ann Arbor, Michigan",2020-05-12,1286681,1960,11534356273.706055,325.66
DOV,Dover Corporation,Industrials,Industrial Machinery & Supplies & Components,"Downers Grove, Illinois",1985-10-31,29905,1955,21149267877.593994,147.54
DOW,Dow Inc.,Materials,Commodity Chemicals,"Midland, Michigan",2019-04-01,1751788,2019,39958897736.20508,56.44
DTE,DTE Energy,Utilities,Multi-Utilities,"Detroit, Michigan",1957-03-04,936340,1995,23251042976.80664,112.81
DUK,Duke Energy,Utilities,Electric Utilities,"Charlotte, North Carolina",1976-06-30,1326160,1904,75831764375.91553,98.4
DD,DuPont,Materials,Specialty Chemicals,"Wilmington, Delaware",2019-04-02,1666700,2017,32686528939.7583,71.21
DXC,DXC Technology,Information Technology,IT Consulting & Other Services,"Tysons Corner, Virginia",2017-04-04,1688568,2017,5673835457.370758,24.92
EMN,Eastman Chemical Company,Materials,Diversified Chemicals,"Kingsport, Tennessee",1994-01-01,915389,1920,9840798618.209839,82.6
ETN,Eaton Corporation,Industrials,Electrical Components & Equipment,"Dublin, Ireland",1957-03-04,1551182,1911,65117020460.46973,163.4
EBAY,eBay,Consumer Discretionary,Internet & Direct Marketing Retail,"San Jose, California",2002-07-22,1065088,1995,23467024308.47168,43.71
ECL,Ecolab,Materials,Specialty Chemicals,"Saint Paul, Minnesota",1989-01-31,31462,1923,46873765877.052734,164.66
EIX,Edison International,Utilities,Electric Utilities,"Rosemead, California",1957-03-04,827052,1886,27832287744.540527,72.74
EW,Edwards Lifesciences,Health Care,Health Care Equipment,"Irvine, California",2011-04-01,1099800,1958,52427647232.0,86.5
EA,Electronic Arts,Communication Services,Interactive Home Entertainment,"Redwood City, California",2002-07-22,712515,1982,35150543031.49414,128.18
ELV,Elevance Health,Health Care,Managed Health Care,"Indianapolis, Indiana",2002-07-25,1156039,2014 (1946),108684010320.27246,457.33
LLY,Eli Lilly and Company,Health Care,Pharmaceuticals,"Indianapolis, Indiana",1970-12-31,59478,1876,352815997216.29297,370.47
EMR,Emerson Electric,Industrials,Electrical Components & Equipment,"Ferguson, Missouri",1965-03-31,32604,1890,49351819569.39697,86.37
ENPH,Enphase,Information Technology,Electronic Components,"Fremont, California",2021-01-07,1463101,2006,30716468325.164795,224.27
ETR,Entergy,Utilities,Electric Utilities,"New Orleans, Louisiana",1957-03-04,65984,1913,23202756598.825195,109.4
EOG,EOG Resources,Energy,Oil & Gas Exploration & Production,"Houston, Texas",2000-11-02,821189,1999,69828505294.56836,118.8
EPAM,EPAM Systems,Information Technology,IT Consulting & Other Services,"Newtown, Pennsylvania",2021-12-14,1352010,1993,16659713308.776855,288.84
EQT,EQT,Energy,Oil & Gas Exploration & Production,"Pittsburgh, Pennsylvania",2022-10-03,33213,1888,11971159639.892578,33.22
EFX,Equifax,Industrials,Research & Consulting Services,"Atlanta, Georgia",1997-06-19,33185,1899,24018175021.270752,194.91
EQIX,Equinix,Real Estate,Data Center REITs,"Redwood City, California",2015-03-20,1101239,1998,66111157194.606445,706.96
EQR,Equity Residential,Real Estate,Residential REITs,"Chicago, Illinois",2001-12-03,906107,1969,24339598595.543945,62.1
ESS,Essex Property Trust,Real Estate,Residential REITs,"San Mateo, California",2014-04-02,920522,1971,14374890912.677002,215.4
EL,Estée Lauder Companies (The),Consumer Staples,Personal Care Products,"New York City, New York",2006-01-05,1001250,1946,91673370344.23828,256.63
ETSY,Etsy,Consumer Discretionary,Internet & Direct Marketing Retail,"New York City, New York",2020-09-21,1370637,2005,12761564277.641296,102.38
RE,Everest Re,Financials,Reinsurance,"Hamilton, Bermuda",2017-06-19,1095073,1973,16507982064.505005,374.34
EVRG,Evergy,Utilities,Electric Utilities,"Kansas City, Missouri",2018-06-05,1711269,1909,14346642555.267456,62.49
ES,Eversource,Utilities,Multi-Utilities,"Hartford, Connecticut",2009,72741,1966,27541678893.23413,78.99
EXC,Exelon,Utilities,Multi-Utilities,"Chicago, Illinois",1957-03-04,1109357,2000,42794630214.62793,43.04
EXPE,Expedia Group,Consumer Discretionary,Internet & Direct Marketing Retail,"Seattle, Washington",2007-10-02,1324424,1996,14618665120.788574,95.33
EXPD,Expeditors International,Industrials,Air Freight & Logistics,"Seattle, Washington",2007-10-10,746515,1979,17274358474.365234,111.84
EXR,Extra Space Storage,Real Estate,Self-Storage REITs,"Salt Lake City, Utah",2016-01-19,1289490,1977,21769922581.66504,153.07
XOM,ExxonMobil,Energy,Integrated Oil & Gas,"Irving, Texas",1957-03-04,34088,1999,474554148548.35547,116.57
FFIV,"F5, Inc.",Information Technology,Communications Equipment,"Seattle, Washington",2010-12-20,1048695,1996,8239528413.473511,137.05
FDS,FactSet,Financials,Financial Exchanges & Data,"Norwalk, Connecticut",2021-12-20,1013237,1978,15961221288.223267,416.53
FICO,Fair Isaac,Information Technology,Application Software,"Bozeman, Montana",2023-03-20,814547,1956,17490383926.586914,695.31
FAST,Fastenal,Industrials,Building Products,"Winona, Minnesota",2008-09-15,815556,1967,30841976597.36499,54.01
FRT,Federal Realty,Real Estate,Retail REITs,"Rockville, Maryland",2016-02-01,34903,1962,8050360017.8967285,97.98
FDX,FedEx,Industrials,Air Freight & Logistics,"Memphis, Tennessee",1980-12-31,1048911,1971,57682771860.71777,229.49
FITB,Fifth Third Bank,Financials,Regional Banks,"Cincinnati, Ohio",1996-03-29,35527,1858,19083133840.081787,28.02
FRC,First Republic Bank,Financials,Regional Banks,"San Francisco, California",2019-01-02,1132979,1985,2633136837.0532227,14.14
FSLR,First Solar,Information Technology,Semiconductors,"Tempe, Arizona",2022-12-19,1274494,1999,23307710630.79834,218.19
FE,FirstEnergy,Utilities,Electric Utilities,"Akron, Ohio",1997-11-28,1031296,1997,23371748836.56006,40.8
FIS,FIS,Financials,Transaction & Payment Processing Services,"Jacksonville, Florida",2006-11-10,1136893,1968,33182115325.62256,56.01
FISV,Fiserv,Financials,Transaction & Payment Processing Services,"Brookfield, Wisconsin",2001-04-02,798354,1984,72958285124.37988,117.08
FLT,Fleetcor,Financials,Transaction & Payment Processing Services,"Atlanta, Georgia",2018-06-20,1175454,2000,16149044587.701416,219.74
FMC,FMC Corporation,Materials,Fertilizers & Agricultural Chemicals,"Philadelphia, Pennsylvania",2009-08-19,37785,1883,15486322500.0,123.75
F,Ford Motor Company,Consumer Discretionary,Automobile Manufacturers,"Dearborn, Michigan",1957-03-04,37996,1903,50425585137.729004,12.22
FTNT,Fortinet,Information Technology,Systems Software,"Sunnyvale, California",2018-10-11,1262039,2000,52783321803.60205,67.32
FTV,Fortive,Industrials,Industrial Machinery & Supplies & Components,"Everett, Washington",2016-07-01,1659166,2016,23498329571.088867,66.53
FOXA,Fox Corporation (Class A),Communication Services,Movies & Entertainment,"New York City, New York",2013-07-01,1754301,2019,17427295789.30139,33.84
FOX,Fox Corporation (Class B),Communication Services,Movies & Entertainment,"New York City, New York",2015-09-18,1754301,2019,17431120180.282593,31.06
BEN,Franklin Templeton,Financials,Asset Management & Custody Banks,"San Mateo, California",1998-04-30,38777,1947,13574712554.162842,27.13
FCX,Freeport-McMoRan,Materials,Copper,"Phoenix, Arizona",,831259,1912,59931605237.49609,41.89
GRMN,Garmin,Consumer Discretionary,Consumer Electronics,"Schaffhausen, Switzerland",2012-12-12,1121788,1989,18781886927.190674,98.15
IT,Gartner,Information Technology,IT Consulting & Other Services,"Stamford, Connecticut",2017-04-05,749251,1979,24323268306.884766,307.24
GEHC,GE HealthCare,Health Care,Health Care Technology,"Chicago, Illinois",2023-01-04,1932393,1994,38924155872.0,85.75
GEN,Gen Digital,Information Technology,Application Software,"Tempe, Arizona",2003-03-25,849399,1982,11679886301.485474,17.87
GNRC,Generac,Industrials,Electrical Components & Equipment,"Waukesha, Wisconsin",2021-03-22,1474735,1959,6396692037.773132,103.36
GD,General Dynamics,Industrials,Aerospace & Defense,"Falls Church, Virginia",1957-03-04,40533,1899,62854560377.56055,228.8
GE,General Electric,Industrials,Industrial Conglomerates,"Boston, Massachusetts",1957-03-04,40545,1892,107970420731.17188,99.03
GIS,General Mills,Consumer Staples,Packaged Foods & Meats,"Golden Valley, Minnesota",1957-03-04,40704,1856,51176151012.7041,87.13
GM,General Motors,Consumer Discretionary,Automobile Manufacturers,"Detroit, Michigan",2013-06-06,1467858,1908,48226653753.66211,34.58
GPC,Genuine Parts Company,Consumer Discretionary,Specialty Stores,"Atlanta, Georgia",1973-12-31,40987,1925,23444697168.0,166.5
GILD,Gilead Sciences,Health Care,Biotechnology,"Foster City, California",2004-07-01,882095,1987,105038248270.69922,84.11
GL,Globe Life,Financials,Life & Health Insurance,"McKinney, Texas",1989-04-30,320335,1900,10591271600.015259,109.73
GPN,Global Payments,Financials,Transaction & Payment Processing Services,"Atlanta, Georgia",2016-04-25,1123360,2000,29013601596.496582,109.99
GS,Goldman Sachs,Financials,Investment Banking & Brokerage,"New York City, New York",2002-07-22,886982,1869,112452205134.69531,336.89
HAL,Halliburton,Energy,Oil & Gas Equipment & Services,"Houston, Texas",1957-03-04,45012,1919,30839533751.831055,34.11
HIG,Hartford (The),Financials,Property & Casualty Insurance,"Hartford, Connecticut",1957-03-04,874766,1810,22086183581.052246,70.7
HAS,Hasbro,Consumer Discretionary,Leisure Products,"Pawtucket, Rhode Island",1984-09-30,46080,1923,7276395000.0,52.5
HCA,HCA Healthcare,Health Care,Health Care Facilities,"Nashville, Tennessee",2015-01-27,860730,1968,75687841926.35156,272.99
PEAK,Healthpeak,Real Estate,Health Care REITs,"Long Beach, California",2008-03-31,765880,1985,11689241381.934814,21.37
HSIC,Henry Schein,Health Care,Health Care Distributors,"Melville, New York",2015-03-17,1000228,1932,10882624849.624634,82.95
HSY,Hershey's,Consumer Staples,Packaged Foods & Meats,"Hershey, Pennsylvania",1957-03-04,47111,1894,52568960505.981445,257.3
HES,Hess Corporation,Energy,Integrated Oil & Gas,"New York City, New York",1984-05-31,4447,1919,44503973849.15625,144.94
HPE,Hewlett Packard Enterprise,Information Technology,"Technology Hardware, Storage & Peripherals","Houston, Texas",2015-11-02,1645590,2015,19386214531.353516,14.96
HLT,Hilton Worldwide,Consumer Discretionary,"Hotels, Resorts & Cruise Lines","Tysons Corner, Virginia",2017-06-19,1585689,1919,39165635129.5791,146.99
HOLX,Hologic,Health Care,Health Care Equipment,"Marlborough, Massachusetts",2016-03-30,859737,1985,20708069933.303833,83.99
HD,Home Depot (The),Consumer Discretionary,Home Improvement Retail,"Atlanta, Georgia",1988-03-31,354950,1978,300671858159.06836,296.91
HON,Honeywell,Industrials,Industrial Conglomerates,"Charlotte, North Carolina",1957-03-04,773840,1906,131682514159.71094,197.81
HRL,Hormel Foods,Consumer Staples,Packaged Foods & Meats,"Austin, Minnesota",2009-03-04,48465,1891,22087009300.81836,39.83
HST,Host Hotels & Resorts,Real Estate,Hotel & Resort REITs,"Bethesda, Maryland",2007-03-20,1070750,1993,11750998244.812866,16.47
HWM,Howmet Aerospace,Industrials,Aerospace & Defense,"Pittsburgh, Pennsylvania",1957-03-04,4281,2016,17822876617.30957,43.28
HPQ,HP Inc.,Information Technology,"Technology Hardware, Storage & Peripherals","Palo Alto, California",1974-12-31,47217,1939 (2015),29766757977.905273,30.21
HUM,Humana,Health Care,Managed Health Care,"Louisville, Kentucky",,49071,1961,61649466736.60278,492.9
HBAN,Huntington Bancshares,Financials,Regional Banks,"Columbus, Ohio; Detroit, Michigan",1997-08-28,49196,1866,17163737063.4375,11.84
HII,Huntington Ingalls Industries,Industrials,Aerospace & Defense,"Newport News, Virginia",2018-01-03,1501585,2011,8480303809.945679,211.03
IBM,IBM,Information Technology,IT Consulting & Other Services,"Armonk, New York",1957-03-04,51143,1911,114585627622.05322,126.32
IEX,IDEX Corporation,Industrials,Industrial Machinery & Supplies & Components,"Lake Forest, Illinois",2019-08-09,832101,1988,16462386363.250732,217.84
IDXX,Idexx Laboratories,Health Care,Health Care Equipment,"Westbrook, Maine",2017-01-05,874716,1983,40465835572.85156,487.7
ITW,Illinois Tool Works,Industrials,Industrial Machinery & Supplies & Components,"Glenview, Illinois",1986-02-28,49826,1912,71419500368.43164,233.17
ILMN,Illumina,Health Care,Life Sciences Tools & Services,"San Diego, California",2015-11-19,1110803,1998,36594380096.43555,231.61
INCY,Incyte,Health Care,Biotechnology,"Wilmington, Delaware",2017-02-28,879169,1991,16457045515.171875,73.81
IR,Ingersoll Rand,Industrials,Industrial Machinery & Supplies & Components,"Davidson, North Carolina",2020-03-03,1699150,1859,22519658572.286133,55.61
PODD,Insulet,Health Care,Health Care Equipment,"Acton, Massachusetts",2023-03-15,1145197,2000,22730002180.908203,326.14
INTC,Intel,Information Technology,Semiconductors,"Santa Clara, California",1976-12-31,50863,1968,129928205410.4707,31.15
ICE,Intercontinental Exchange,Financials,Financial Exchanges & Data,"Atlanta, Georgia",2007-09-26,1571949,2000,60638440250.458984,108.34
IFF,International Flavors & Fragrances,Materials,Specialty Chemicals,"New York City, New York",1976-03-31,51253,1958 (1889),24624169185.84082,96.54
IP,International Paper,Materials,Paper & Plastic Packaging Products & Materials,"Memphis, Tennessee",1957-03-04,51434,1898,13073592333.461182,36.57
IPG,Interpublic Group of Companies (The),Communication Services,Advertising,"New York City, New York",1992-10-01,51644,1961 (1930),14488461628.503662,37.49
INTU,Intuit,Information Technology,Application Software,"Mountain View, California",2000-12-05,896878,1983,124980427672.45312,445.49
ISRG,Intuitive Surgical,Health Care,Health Care Equipment,"Sunnyvale, California",2008-06-02,1035267,1995,104576232666.79883,298.57
IVZ,Invesco,Financials,Asset Management & Custody Banks,"Atlanta, Georgia",2008-08-21,914208,1935,8010623605.148315,17.47
INVH,Invitation Homes,Real Estate,Residential REITs,"Dallas, Texas",2022-09-19,1687229,2012,20453342473.539062,33.29
IQV,IQVIA,Health Care,Life Sciences Tools & Services,"Durham, North Carolina",2017-08-29,1478242,1982,37574420758.731445,201.86
IRM,Iron Mountain,Real Estate,Other Specialized REITs,"Boston, Massachusetts",2009-01-06,1020569,1951,15626933475.097656,53.72
JBHT,J.B. Hunt,Industrials,Cargo Ground Transportation,"Lowell, Arkansas",2015-07-01,728535,1961,18491840059.570312,178.41
JKHY,Jack Henry & Associates,Financials,Transaction & Payment Processing Services,"Monett, Missouri",2018-11-13,779152,1976,11239838909.909912,153.99
J,Jacobs Solutions,Industrials,Construction & Engineering,"Dallas, Texas",2007-10-26,52988,1947,14572110000.0,115.0
JNJ,Johnson & Johnson,Health Care,Pharmaceuticals,"New Brunswick, New Jersey",1973-06-30,200406,1886,507067591391.60156,162.53
JCI,Johnson Controls,Industrials,Building Products,"Cork, Ireland",2010-08-27,833444,1885,40453933587.938965,58.87
JPM,JPMorgan Chase,Financials,Diversified Banks,"New York City, New York",1975-06-30,19617,2000 (1799 / 1871),412687196010.1406,141.22
JNPR,Juniper Networks,Information Technology,Communications Equipment,"Sunnyvale, California",2006-06-02,1043604,1996,10205885513.549805,31.76
K,Kellogg's,Consumer Staples,Packaged Foods & Meats,"Battle Creek, Michigan",1989-09-11,55067,1906,23078689277.130127,67.35
KDP,Keurig Dr Pepper,Consumer Staples,Soft Drinks & Non-alcoholic Beverages,"Burlington, Massachusetts",2022-06-21,1418135,1981,49718007050.72754,35.35
KEY,KeyCorp,Financials,Regional Banks,"Cleveland, Ohio",1994-03-01,91576,1825,11449754624.881714,12.38
KEYS,Keysight,Information Technology,Electronic Equipment & Instruments,"Santa Rosa, California",2018-11-06,1601046,2014 (1939),26476801628.859375,148.63
KMB,Kimberly-Clark,Consumer Staples,Household Products,"Irving, Texas",1957-03-04,55785,1872,46703633754.74414,138.4
KIM,Kimco Realty,Real Estate,Retail REITs,"New Hyde Park, New York",2006-04-04,879101,1958,11990419522.856445,19.2
KMI,Kinder Morgan,Energy,Oil & Gas Storage & Transportation,"Houston, Texas",2012-05-25,1506307,1997,39565152294.35156,17.6
KLAC,KLA Corporation,Information Technology,Semiconductor Materials & Equipment,"Milpitas, California",1997-09-30,319201,1975/1977 (1997),50027286152.34375,361.26
KHC,Kraft Heinz,Consumer Staples,Packaged Foods & Meats,"Chicago, Illinois; Pittsburgh, Pennsylvania",2015-07-06,1637459,2015 (1869),48429694023.88281,39.47
KR,Kroger,Consumer Staples,Food Retail,"Cincinnati, Ohio",1957-03-04,56873,1883,34043858665.784668,47.45
LHX,L3Harris,Industrials,Aerospace & Defense,"Melbourne, Florida",2008-09-22,202058,2019 (1895),38663844876.333984,203.54
LH,LabCorp,Health Care,Health Care Services,"Burlington, North Carolina",2004-11-01,920148,1978,20469371641.65674,231.29
LRCX,Lam Research,Information Technology,Semiconductor Materials & Equipment,"Fremont, California",2012-06-29,707549,1980,66256273237.54883,491.02
LW,Lamb Weston,Consumer Staples,Packaged Foods & Meats,"Eagle, Idaho",2018-12-03,1679273,2016 (1950),15874450355.34668,108.95
LVS,Las Vegas Sands,Consumer Discretionary,Casinos & Gaming,"Las Vegas, Nevada",2019-10-03,1300514,1988,45367247171.115234,59.36
LDOS,Leidos,Industrials,Diversified Support Services,"Reston, Virginia",2019-08-09,1336920,1969,12682120515.423828,92.44
LEN,Lennar,Consumer Discretionary,Homebuilding,"Miami, Florida",2005-10-04,920760,1954,31104703294.072266,109.3
LNC,Lincoln Financial,Financials,Multi-line Insurance,"Radnor, Pennsylvania",1976-06-30,59558,1905,3723054324.783325,21.96
LIN,Linde plc,Materials,Industrial Gases,"Guildford, United Kingdom",1992-07-01,1707925,1879,179791330785.95508,365.31
LYV,Live Nation Entertainment,Communication Services,Movies & Entertainment,"Beverly Hills, California",2019-12-23,1335258,2010,15690290792.0,67.75
LKQ,LKQ Corporation,Consumer Discretionary,Distributors,"Chicago, Illinois",2016-05-23,1065696,1998,14941511407.852173,55.9
LMT,Lockheed Martin,Industrials,Aerospace & Defense,"Bethesda, Maryland",1957-03-04,936468,1995,126296500854.06494,495.16
L,Loews Corporation,Financials,Multi-line Insurance,"New York City, New York",1995-05-31,60086,1959,13273061627.5177,57.49
LOW,Lowe's,Consumer Discretionary,Home Improvement Retail,"Mooresville, North Carolina",1984-02-29,60667,1904/1946/1959,124537017889.40039,208.83
LYB,LyondellBasell,Materials,Specialty Chemicals,"Rotterdam, Netherlands",2012-09-05,1489393,2007,31419108064.63623,96.38
MTB,M&T Bank,Financials,Regional Banks,"Buffalo, New York",2004-02-23,36270,1856,21780182942.565918,129.61
MRO,Marathon Oil,Energy,Oil & Gas Exploration & Production,"Houston, Texas",1957-03-04,101778,1887,15936106273.232666,24.66
MPC,Marathon Petroleum,Energy,Oil & Gas Refining & Marketing,"Findlay, Ohio",2011-07-01,1510295,2009 (1887),55817107848.21289,126.39
MKTX,MarketAxess,Financials,Financial Exchanges & Data,"New York City, New York",2019-07-01,1278021,2000,12629343874.182129,335.81
MAR,Marriott International,Consumer Discretionary,"Hotels, Resorts & Cruise Lines","Bethesda, Maryland",1998-05-29,1048286,1927,53656241713.80615,173.71
MMC,Marsh McLennan,Financials,Insurance Brokers,"New York City, New York",1987-08-31,62709,1905,85922784562.875,173.56
MLM,Martin Marietta Materials,Materials,Construction Materials,"Raleigh, North Carolina",2014-07-02,916076,1993,22120528843.200684,356.8
MAS,Masco,Industrials,Building Products,"Livonia, Michigan",1981-06-30,62996,1929,11320955315.249756,50.27
MA,Mastercard,Financials,Transaction & Payment Processing Services,"Harrison, New York",2008-07-18,1141391,1966,357757884067.91016,372.8
MTCH,Match Group,Communication Services,Interactive Media & Services,"Dallas, Texas",2021-09-20,891103,1986,9809858581.64978,35.12
MKC,McCormick & Company,Consumer Staples,Packaged Foods & Meats,"Hunt Valley, Maryland",2003-03-20,63754,1889,22853773052.612305,85.26
MCD,McDonald's,Consumer Discretionary,Restaurants,"Chicago, Illinois",1970-06-30,63908,1940,212636412619.6289,291.27
MCK,McKesson,Health Care,Health Care Distributors,"Irving, Texas",1999-01-13,927653,1833,48688662622.78125,355.55
MDT,Medtronic,Health Care,Health Care Equipment,"Dublin, Ireland",1986-10-31,1613103,1949,112912746338.26758,84.87
MRK,Merck & Co.,Health Care,Pharmaceuticals,"Kenilworth, New Jersey",1957-03-04,310158,1891,289626565512.58594,114.13
META,Meta Platforms,Communication Services,Interactive Media & Services,"Menlo Park, California",2013-12-23,1326801,2004,553348171780.7422,215.7
MET,MetLife,Financials,Life & Health Insurance,"New York City, New York",2000-12-11,1099219,1868,47863315294.464355,61.81
MTD,Mettler Toledo,Health Care,Life Sciences Tools & Services,"Columbus, Ohio",2016-09-06,1037646,1945,35289868983.47168,1598.99
MGM,MGM Resorts,Consumer Discretionary,Casinos & Gaming,"Paradise, Nevada",2017-07-26,789570,1986,16645898652.404785,44.64
MCHP,Microchip Technology,Information Technology,Semiconductors,"Chandler, Arizona",2007-09-07,827054,1989,43484042435.27344,79.38
MU,Micron Technology,Information Technology,Semiconductors,"Boise, Idaho",1994-09-27,723125,1978,66374756140.30664,60.65
MSFT,Microsoft,Information Technology,Systems Software,"Redmond, Washington",1994-06-01,789019,1975,2147164219327.5,288.45
MAA,Mid-America Apartment Communities,Real Estate,Residential REITs,"Memphis, Tennessee",2016-12-02,912595,1977,18034063339.294434,150.58
MRNA,Moderna,Health Care,Biotechnology,"Cambridge, Massachusetts",2021-07-21,1682852,2010,55082537069.91016,142.82
MHK,Mohawk Industries,Consumer Discretionary,Home Furnishings,"Calhoun, Georgia",2013-12-23,851968,1878,6280082326.901245,98.62
MOH,Molina Healthcare,Health Care,Managed Health Care,"Long Beach, California",2022-03-02,1179929,1980,16167844007.128906,277.47
TAP,Molson Coors Beverage Company,Consumer Staples,Brewers,"Chicago, Illinois",1976-06-30,24545,"2005 (Molson 1786, Coors 1873)",12423142806.015015,57.43
MDLZ,Mondelez International,Consumer Staples,Packaged Foods & Meats,"Chicago, Illinois",2012-10-02,1103982,2012,95911231454.7207,70.36
MPWR,Monolithic Power Systems,Information Technology,Semiconductors,"Kirkland, Washington",2021-02-12,1280452,1997,21925867500.0,463.5
MNST,Monster Beverage,Consumer Staples,Soft Drinks & Non-alcoholic Beverages,"Corona, California",2012-06-28,865752,2012 (1935),54842601874.015625,52.49
MCO,Moody's Corporation,Financials,Financial Exchanges & Data,"New York City, New York",1998-07-01,1059556,1909,55556164919.484375,303.14
MS,Morgan Stanley,Financials,Investment Banking & Brokerage,"New York City, New York",1993-07-29,895421,1935,151265865737.93164,90.45
MOS,Mosaic Company (The),Materials,Fertilizers & Agricultural Chemicals,"Tampa, Florida",2011-09-26,1285785,2004 (1865 / 1909),15090578467.451416,45.44
MSI,Motorola Solutions,Information Technology,Communications Equipment,"Chicago, Illinois",1957-03-04,68505,1928 (2011),48466030040.771484,288.87
MSCI,MSCI,Financials,Financial Exchanges & Data,"New York City, New York",2018-04-04,1408198,1969,45041918427.24609,545.48
NDAQ,"Nasdaq, Inc.",Financials,Financial Exchanges & Data,"New York City, New York",2008-10-22,1120193,1971,28327925539.189453,57.36
NTAP,NetApp,Information Technology,"Technology Hardware, Storage & Peripherals","San Jose, California",1999-06-25,1002047,1992,14149815547.193115,66.15
NFLX,Netflix,Communication Services,Movies & Entertainment,"Los Gatos, California",2010-12-20,1065280,1997,143900523050.41406,323.12
NWL,Newell Brands,Consumer Discretionary,Housewares & Specialties,"Atlanta, Georgia",1989-04-30,814453,1903,5189011299.656158,12.53
NEM,Newmont,Materials,Gold,"Denver, Colorado",1969-06-30,1164727,1921,38556600600.77417,48.26
NWSA,News Corp (Class A),Communication Services,Publishing,"New York City, New York",2013-08-01,1564708,2013 (1980),10024748362.621948,17.4
NWS,News Corp (Class B),Communication Services,Publishing,"New York City, New York",2015-09-18,1564708,2013 (1980),10001168202.026367,17.54
NEE,NextEra Energy,Utilities,Multi-Utilities,"Juno Beach, Florida",1976-06-30,753308,1984 (1925),159725619613.8125,78.94
NKE,"Nike, Inc.",Consumer Discretionary,"Apparel, Accessories & Luxury Goods","Washington County, Oregon",1988-11-30,320187,1964,193153524453.52734,125.67
NI,NiSource,Utilities,Multi-Utilities,"Merrillville, Indiana",2000-11-02,1111711,1912,11790664563.31897,28.55
NDSN,Nordson Corporation,Industrials,Industrial Machinery & Supplies & Components,"Westlake, Ohio",2022-02-15,72331,1935,12442242305.557251,217.29
NSC,Norfolk Southern Railway,Industrials,Rail Transportation,"Atlanta, Georgia",1957-03-04,702165,1881/1894 (1980),47765458686.40137,209.84
NTRS,Northern Trust,Financials,Asset Management & Custody Banks,"Chicago, Illinois",1998-01-30,73124,1889,18072259742.115967,86.99
NOC,Northrop Grumman,Industrials,Aerospace & Defense,"West Falls Church, Virginia",1957-03-04,1133421,"1994 (Northrop 1939, Grumman 1930)",73016992014.4336,477.07
NCLH,Norwegian Cruise Line Holdings,Consumer Discretionary,"Hotels, Resorts & Cruise Lines","Miami, Florida",2017-10-13,1513761,2011 (1966),5629059615.777832,13.18
NRG,NRG Energy,Utilities,Independent Power Producers & Energy Traders,"Houston, Texas",2010-01-29,1013871,1992,8110438754.241089,34.84
NUE,Nucor,Materials,Steel,"Charlotte, North Carolina",1985-04-30,73309,1940,37188717124.65137,147.61
NVDA,Nvidia,Information Technology,Semiconductors,"Santa Clara, California",2001-11-30,1045810,1993,689895729721.4062,279.31
NVR,"NVR, Inc.",Consumer Discretionary,Homebuilding,"Reston, Virginia",2019-09-26,906163,1980,19034136517.03125,5861.13
NXPI,NXP Semiconductors,Information Technology,Semiconductors,"Eindhoven, Netherlands",2021-03-22,1413447,1953,44879610288.49365,172.79
ORLY,O'Reilly Auto Parts,Consumer Discretionary,Specialty Stores,"Springfield, Missouri",2009-03-27,898173,1957,55596704353.759766,899.14
OXY,Occidental Petroleum,Energy,Oil & Gas Exploration & Production,"Houston, Texas",1957-03-04,797468,1920,56165904517.03711,62.47
ODFL,Old Dominion,Industrials,Cargo Ground Transportation,"Thomasville, North Carolina",2019-12-09,878927,1934,38043800573.73047,346.01
OMC,Omnicom Group,Communication Services,Advertising,"New York City, New York",1997-12-31,29989,1986,18561853440.301758,92.16
ON,ON Semiconductor,Information Technology,Semiconductors,"Phoenix, Arizona",2022-06-21,1097864,1999,33196593754.40625,76.92
OKE,ONEOK,Energy,Oil & Gas Storage & Transportation,"Tulsa, Oklahoma",2010-03-15,1039684,1906,29687643317.260742,66.35
ORCL,Oracle Corporation,Information Technology,Application Software,"Austin, Texas",1989-08-31,1341439,1977,258667837540.53125,95.81
OGN,Organon & Co.,Health Care,Pharmaceuticals,"Jersey City, New Jersey",2021-06-03,1821825,2021,6077209905.856934,23.89
OTIS,Otis Worldwide,Industrials,Industrial Machinery & Supplies & Components,"Farmington, Connecticut",2020-04-03,1781335,2020 (1853),34092548160.0,82.5
PCAR,Paccar,Industrials,Construction Machinery & Heavy Transportation Equipment,"Bellevue, Washington",1980-12-31,75362,1905,38376253920.83496,72.91
PKG,Packaging Corporation of America,Materials,Paper & Plastic Packaging Products & Materials,"Lake Forest, Illinois",2017-07-26,75677,1959,12796727693.115234,142.37
PARA,Paramount Global,Communication Services,Movies & Entertainment,"New York City, New York",1994-09-30,813828,2019 (1952),14813685429.799072,22.56
PH,Parker Hannifin,Industrials,Industrial Machinery & Supplies & Components,"Cleveland, Ohio",1985-11-30,76334,1917,41485071440.55176,323.43
PAYX,Paychex,Industrials,Human Resource & Employment Services,"Penfield, New York",1998-10-01,723531,1971,39573070841.635254,109.77
PAYC,Paycom,Information Technology,Application Software,"Oklahoma City, Oklahoma",2020-01-28,1590955,1998,18390886748.690796,304.96
PYPL,PayPal,Financials,Transaction & Payment Processing Services,"San Jose, California",2015-07-20,1633917,1998,84570047652.22559,75.32
PNR,Pentair,Industrials,Industrial Machinery & Supplies & Components,"Worsley, United Kingdom",2012-10-01,77360,1966,8710481626.51062,52.81
PEP,PepsiCo,Consumer Staples,Soft Drinks & Non-alcoholic Beverages,"Purchase, New York",1957-03-04,77476,1898,254416696014.72656,184.72
PKI,PerkinElmer,Health Care,Health Care Equipment,"Waltham, Massachusetts",1985-05-31,31791,1937,17135146985.778809,135.55
PFE,Pfizer,Health Care,Pharmaceuticals,"New York City, New York",1957-03-04,78003,1849,227130670624.6582,40.24
PCG,PG&E Corporation,Utilities,Multi-Utilities,"San Francisco, California",2022-10-03,1004980,1905,38483186387.89844,16.89
PM,Philip Morris International,Consumer Staples,Tobacco,"New York City, New York",2008-03-31,1413329,2008 (1847),157558751439.91016,101.51
PSX,Phillips 66,Energy,Oil & Gas Refining & Marketing,"Houston, Texas",2012-05-01,1534701,2012 (1917),47501691830.24414,103.06
PNW,Pinnacle West,Utilities,Multi-Utilities,"Phoenix, Arizona",1999-10-04,764622,1985,9057815360.176086,79.98
PXD,Pioneer Natural Resources,Energy,Oil & Gas Exploration & Production,"Irving, Texas",2008-09-24,1038357,1997,53130529589.35547,227.31
PNC,PNC Financial Services,Financials,Regional Banks,"Pittsburgh, Pennsylvania",1988-04-30,713676,1845,51307174334.50781,128.37
POOL,Pool Corporation,Consumer Discretionary,Distributors,"Covington, Louisiana",2020-10-07,945841,1993,13233124370.672607,338.67
PPG,PPG Industries,Materials,Specialty Chemicals,"Pittsburgh, Pennsylvania",1957-03-04,79879,1883,34035026539.001465,140.55
PPL,PPL Corporation,Utilities,Electric Utilities,"Allentown, Pennsylvania",2001-10-01,922224,1920,21153507762.3291,28.7
PFG,Principal Financial Group,Financials,Life & Health Insurance,"Des Moines, Iowa",2002-07-22,1126328,1879,18801036841.936523,77.11
PG,Procter & Gamble,Consumer Staples,Personal Care Products,"Cincinnati, Ohio",1957-03-04,80424,1837,356796361078.1836,151.24
PGR,Progressive Corporation,Financials,Property & Casualty Insurance,"Mayfield Village, Ohio",1997-08-04,80661,1937,81313195426.23438,138.91
PLD,Prologis,Real Estate,Industrial REITs,"San Francisco, California",2003-07-17,1045609,1983,115579003379.21484,125.16
PRU,Prudential Financial,Financials,Life & Health Insurance,"Newark, New Jersey",2002-07-22,1137774,1875,32238666745.64209,87.85
PEG,Public Service Enterprise Group,Utilities,Electric Utilities,"Newark, New Jersey",1957-03-04,788784,1903,31946218997.325195,64.05
PTC,PTC,Information Technology,Application Software,"Boston, Massachusetts",2021-04-20,857005,1985,14920060513.092041,126.16
PSA,Public Storage,Real Estate,Self-Storage REITs,"Glendale, California",2005-08-19,1393311,1972,50827611521.41406,289.13
PHM,PulteGroup,Consumer Discretionary,Homebuilding,"Atlanta, Georgia",1984-04-30,822416,1956,14005979031.475708,62.44
QRVO,Qorvo,Information Technology,Semiconductors,"Greensboro, North Carolina",2015-06-11,1604778,2015,9495759443.527222,92.6
PWR,Quanta Services,Industrials,Construction & Engineering,"Houston, Texas",2009-07-01,1050915,1997,24098010802.612305,166.01
QCOM,Qualcomm,Information Technology,Semiconductors,"San Diego, California",1999-07-22,804328,1985,132172108607.37305,118.54
DGX,Quest Diagnostics,Health Care,Health Care Services,"Secaucus, New Jersey",2002-12-12,1022079,1967,16060087241.42456,143.55
RL,Ralph Lauren Corporation,Consumer Discretionary,"Apparel, Accessories & Luxury Goods","New York City, New York",2007-02-02,1037038,1967,7846979981.43042,116.92
RJF,Raymond James,Financials,Investment Banking & Brokerage,"St. Petersburg, Florida",2017-03-20,720005,1962,20865455148.55957,96.89
RTX,Raytheon Technologies,Industrials,Aerospace & Defense,"Waltham, Massachusetts",1957-03-04,101829,1922,152305521876.125,104.09
O,Realty Income,Real Estate,Retail REITs,"San Diego, California",2015-04-07,726728,1969,40973648101.16406,61.64
REG,Regency Centers,Real Estate,Retail REITs,"Jacksonville, Florida",2017-03-02,910606,1963,10425804984.558105,60.86
REGN,Regeneron,Health Care,Biotechnology,"Tarrytown, New York",2013-05-01,872589,1988,88429426758.54492,808.86
RF,Regions Financial Corporation,Financials,Regional Banks,"Birmingham, Alabama",1998-08-28,1281761,1971,17962280690.767212,19.22
RSG,Republic Services,Industrials,Environmental & Facilities Services,"Phoenix, Arizona",2008-12-05,1060391,1998 (1981),43496197636.779785,137.54
RMD,ResMed,Health Care,Health Care Equipment,"San Diego, California",2017-07-26,943819,1989,32668151833.710938,222.37
RHI,Robert Half,Industrials,Human Resource & Employment Services,"Menlo Park, California",2000-12-05,315213,1948,8147085679.092407,75.55
ROK,Rockwell Automation,Industrials,Electrical Components & Equipment,"Milwaukee, Wisconsin",,1024478,1903,31486999080.688477,274.32
ROL,"Rollins, Inc.",Industrials,Environmental & Facilities Services,"Atlanta, Georgia",2018-10-01,84839,1948,19290928351.867676,39.15
ROP,Roper Technologies,Information Technology,Electronic Equipment & Instruments,"Sarasota, Florida",2009-12-23,882835,1981,47072023320.617676,443.06
ROST,Ross Stores,Consumer Discretionary,Apparel Retail,"Dublin, California",2009-12-21,745732,1982,35662342250.701904,104.26
RCL,Royal Caribbean Group,Consumer Discretionary,"Hotels, Resorts & Cruise Lines","Miami, Florida",2014-12-05,884887,1997,16462479797.467773,64.47
SPGI,S&P Global,Financials,Financial Exchanges & Data,"New York City, New York",1957-03-04,64040,1917,115447184825.91406,352.03
CRM,Salesforce,Information Technology,Application Software,"San Francisco, California",2008-09-15,1108524,1999,198919998168.9453,198.92
SBAC,SBA Communications,Real Estate,Telecom Tower REITs,"Boca Raton, Florida",2017-09-01,1034054,1989,28739993833.374023,265.32
SLB,Schlumberger,Energy,Oil & Gas Equipment & Services,"Curaçao, Kingdom of the Netherlands",1957-03-04,87347,1926,75134589524.84131,52.63
STX,Seagate Technology,Information Technology,"Technology Hardware, Storage & Peripherals","Dublin, Ireland",2012-07-02,1137789,1979,12979584366.027832,62.86
SEE,Sealed Air,Materials,Paper & Plastic Packaging Products & Materials,"Charlotte, North Carolina",1957-03-04,1012100,1960,6823634479.574585,47.26
SRE,Sempra Energy,Utilities,Multi-Utilities,"San Diego, California",2001?,1032208,1998,49711552700.583984,157.99
NOW,ServiceNow,Information Technology,Systems Software,"Santa Clara, California",2019-11-21,1373715,2003,96896705853.88184,475.59
SHW,Sherwin-Williams,Materials,Specialty Chemicals,"Cleveland, Ohio",1964-06-30,89800,1866,60278597456.26172,233.59
SPG,Simon Property Group,Real Estate,Retail REITs,"Indianapolis, Indiana",2002-06-26,1063761,2003,41916155043.26953,112.06
SWKS,Skyworks Solutions,Information Technology,Semiconductors,"Irvine, California",2015-03-12,4127,2002,17389056245.90747,109.26
SJM,J.M. Smucker Company (The),Consumer Staples,Packaged Foods & Meats,"Orrville, Ohio",2008-11-06,91419,1897,16226799924.743652,152.17
SNA,Snap-on,Industrials,Industrial Machinery & Supplies & Components,"Kenosha, Wisconsin",1982-09-30,91440,1920,12738692602.990723,239.77
SEDG,SolarEdge,Information Technology,Semiconductor Materials & Equipment,"Herzliya, Israel",2021-12-20,1419612,2006,17650244353.54004,314.36
SO,Southern Company,Utilities,Electric Utilities,"Atlanta, Georgia",1957-03-04,92122,1945,79472841600.14062,72.81
LUV,Southwest Airlines,Industrials,Passenger Airlines,"Dallas, Texas",1994-07-01,92380,1967,19304699634.677246,32.45
SWK,Stanley Black & Decker,Industrials,Industrial Machinery & Supplies & Components,"New Britain, Connecticut",1982-09-30,93556,1843,12290317609.486816,80.3
SBUX,Starbucks,Consumer Discretionary,Restaurants,"Seattle, Washington",2000-06-07,829224,1971,123158988779.74219,107.16
STT,State Street Corporation,Financials,Asset Management & Custody Banks,"Boston, Massachusetts",2003-03-14,93751,1792,25332148395.71924,75.29
STLD,Steel Dynamics,Materials,Steel,"Fort Wayne, Indiana",2022-12-22,1022671,1993,18355560600.706055,106.22
STE,Steris,Health Care,Health Care Equipment,"Dublin, Ireland",2019-12-23,1757898,1985,18541361700.0,186.75
SYK,Stryker Corporation,Health Care,Health Care Equipment,"Kalamazoo, Michigan",2000-12-12,310764,1941,113475000105.44922,299.31
SYF,Synchrony Financial,Financials,Consumer Finance,"Stamford, Connecticut",2015-11-18,1601712,2003,13456308296.4375,30.79
SNPS,Synopsys,Information Technology,Application Software,"Mountain View, California",2017-03-16,883241,1986,57913555580.36133,378.77
SYY,Sysco,Consumer Staples,Food Distributors,"Houston, Texas",1986-12-31,96021,1969,37948476124.35913,74.76
TMUS,T-Mobile US,Communication Services,Wireless Telecommunication Services,"Bellevue, Washington",2019-07-15,1283699,1994,179279889007.1328,148.78
TROW,T. Rowe Price,Financials,Asset Management & Custody Banks,"Baltimore, Maryland",,1113169,1937,25318443026.32141,112.77
TTWO,Take-Two Interactive,Communication Services,Interactive Home Entertainment,"New York City, New York",2018-03-19,946581,1993,20806061979.422363,123.35
TPR,"Tapestry, Inc.",Consumer Discretionary,"Apparel, Accessories & Luxury Goods","New York City, New York",2004-09-01,1116132,2017,10172514876.022339,43.09
TRGP,Targa Resources,Energy,Oil & Gas Storage & Transportation,"Houston, Texas",2022-10-12,1389170,2005,17249020239.593506,76.23
TGT,Target Corporation,Consumer Staples,Consumer Staples Merchandise Retail,"Minneapolis, Minnesota",1976-12-31,27419,1902,74813751111.14502,162.51
TEL,TE Connectivity,Information Technology,Electronic Manufacturing Services,"Schaffhausen, Switzerland",2011-10-17,1385157,2007,40539952224.0,128.25
TDY,Teledyne Technologies,Information Technology,Electronic Equipment & Instruments,"Thousand Oaks, California",2020-06-22,1094285,1960,20100278080.51758,427.64
TFX,Teleflex,Health Care,Health Care Equipment,"Wayne, Pennsylvania",2019-01-18,96943,1943,12609847183.34961,268.49
TER,Teradyne,Information Technology,Semiconductor Materials & Equipment,"North Reading, Massachusetts",2020-09-21,97210,1960,15380090499.023438,98.56
TSLA,"Tesla, Inc.",Consumer Discretionary,Automobile Manufacturers,"Austin, Texas",2020-12-21,1318605,2003,572345672625.3203,180.59
TXN,Texas Instruments,Information Technology,Semiconductors,"Dallas, Texas",,97476,1930,160672125854.67285,177.08
TXT,Textron,Industrials,Aerospace & Defense,"Providence, Rhode Island",1978-12-31,217346,1923,14034211345.825195,68.91
TMO,Thermo Fisher Scientific,Health Care,Life Sciences Tools & Services,"Waltham, Massachusetts",2004-08-03,97745,2006 (1902),223673968289.76172,579.92
TJX,TJX Companies,Consumer Discretionary,Apparel Retail,"Framingham, Massachusetts",1985-09-30,109198,1987,90591455280.76172,78.01
TSCO,Tractor Supply,Consumer Discretionary,Specialty Stores,"Brentwood, Tennessee",2014-01-24,916365,1938,27124284704.89502,246.82
TT,Trane Technologies,Industrials,Building Products,"Dublin, Ireland",2010-11-17,1466258,1871,40417994970.78516,176.44
TDG,TransDigm Group,Industrials,Aerospace & Defense,"Cleveland, Ohio",2016-06-03,1260221,1993,41529499583.776855,760.64
TRV,Travelers Companies (The),Financials,Property & Casualty Insurance,"New York City, New York",2002-08-21,86312,1853,42373403279.90723,182.57
TRMB,Trimble Inc.,Information Technology,Electronic Equipment & Instruments,"Westminster, Colorado",2021-01-21,864749,1978,11754914823.181152,47.6
TFC,Truist,Financials,Regional Banks,"Charlotte, North Carolina",1997-12-04,92230,1872,46205992929.228516,34.79
TYL,Tyler Technologies,Information Technology,Application Software,"Plano, Texas",2020-06-22,860731,1966,15912461457.391357,377.97
TSN,Tyson Foods,Consumer Staples,Packaged Foods & Meats,"Springdale, Arkansas",2005-08-10,100493,1935,21913672754.23047,61.62
USB,U.S. Bank,Financials,Diversified Banks,"Minneapolis, Minnesota",,36104,1968,55191082875.16113,36.01
UDR,"UDR, Inc.",Real Estate,Residential REITs,"Highlands Ranch, Colorado",2016-03-07,74208,1972,22872564335.96924,41.63
ULTA,Ulta Beauty,Consumer Discretionary,Specialty Stores,"Bolingbrook, Illinois",2016-04-18,1403568,1990,28524384494.750977,542.03
UNP,Union Pacific Corporation,Industrials,Rail Transportation,"Omaha, Nebraska",1957-03-04,100885,1862,123271104384.0,202.0
UAL,United Airlines Holdings,Industrials,Passenger Airlines,"Chicago, Illinois",2015-09-03,100517,1967,15175125409.97229,46.27
UPS,United Parcel Service,Industrials,Air Freight & Logistics,"Sandy Springs, Georgia",2002-07-22,1090727,1907,166925622458.77344,196.03
URI,United Rentals,Industrials,Trading Companies & Distributors,"Stamford, Connecticut",2014-09-20,1067701,1997,26267079958.190918,378.57
UNH,UnitedHealth Group,Health Care,Managed Health Care,"Minnetonka, Minnesota",1994-07-01,731766,1977,455990950738.1719,486.2
UHS,Universal Health Services,Health Care,Health Care Facilities,"King of Prussia, Pennsylvania",2014-09-20,352915,1979,9607002673.142578,137.16
VLO,Valero Energy,Energy,Oil & Gas Refining & Marketing,"San Antonio, Texas",2002-12-20,1035002,1980,47029048372.053955,124.4
VTR,Ventas,Real Estate,Health Care REITs,"Chicago, Illinois",2009-03-04,740260,1998,18119407134.56726,44.73
VRSN,Verisign,Information Technology,Internet Services & Infrastructure,"Dulles, Virginia",2006-02-01,1014473,1995,22495202850.585938,215.62
VRSK,Verisk,Industrials,Research & Consulting Services,"Jersey City, New Jersey",2015-10-08,1442145,1971,29828483853.027344,192.82
VZ,Verizon,Communication Services,Integrated Telecommunication Services,"New York City, New York",1983-11-30,732712,1983 (1877),162818266946.10547,38.6
VRTX,Vertex Pharmaceuticals,Health Care,Biotechnology,"Cambridge, Massachusetts",2013-09-23,875320,1989,84605107566.79688,328.45
VFC,VF Corporation,Consumer Discretionary,"Apparel, Accessories & Luxury Goods","Denver, Colorado",1979-06-30,103379,1899,8892471650.786072,22.88
VTRS,Viatris,Health Care,Pharmaceuticals,"Pittsburgh, Pennsylvania",2004-04-23,1792044,1961,11764642051.410645,9.83
VICI,Vici Properties,Real Estate,Hotel & Resort REITs,"New York City, New York",2022-06-08,1705696,2017,33179736427.77832,32.92
V,Visa Inc.,Financials,Transaction & Payment Processing Services,"San Francisco, California",2009-12-21,1403161,1958,488813304530.6094,232.57
VMC,Vulcan Materials Company,Materials,Construction Materials,"Birmingham, Alabama",1999-06-30,1396009,1909,23090710886.672974,173.54
WAB,Wabtec,Industrials,Construction Machinery & Heavy Transportation Equipment,"Pittsburgh, Pennsylvania",2019-02-27,943452,1999 (1869),18020198814.346313,100.12
WBA,Walgreens Boots Alliance,Consumer Staples,Drug Retail,"Deerfield, Illinois",1979-12-31,1618921,2014,30051187374.38672,34.83
WMT,Walmart,Consumer Staples,Consumer Staples Merchandise Retail,"Bentonville, Arkansas",1982-08-31,104169,1962,404375946592.6172,150.01
WBD,Warner Bros. Discovery,Communication Services,Broadcasting,"New York City, New York",2022-04-11,1437107,2022,34804722077.96924,14.29
WM,Waste Management,Industrials,Environmental & Facilities Services,"Houston, Texas",,823768,1968,67157235503.50879,165.1
WAT,Waters Corporation,Health Care,Health Care Distributors,"Milford, Massachusetts",2002-01-02,1000697,1958,18204781410.461426,308.45
WEC,WEC Energy Group,Utilities,Electric Utilities,"Milwaukee, Wisconsin",2008-10-31,783325,1896,30577482558.702393,96.74
WFC,Wells Fargo,Financials,Diversified Banks,"San Francisco, California",1976-06-30,72971,1852,161939715731.5459,42.24
WELL,Welltower,Real Estate,Health Care REITs,"Toledo, Ohio",2009-01-30,766704,1970,37842494360.0,76.25
WST,West Pharmaceutical Services,Health Care,Health Care Supplies,"Exton, Pennsylvania",2020-05-22,105770,1923,27304588594.498047,367.64
WDC,Western Digital,Information Technology,"Technology Hardware, Storage & Peripherals","San Jose, California",2009-07-01,106040,1970,11147985302.13623,34.62
WRK,WestRock,Materials,Paper & Plastic Packaging Products & Materials,"Atlanta, Georgia",1957-03-04,1732845,2015,8016663220.161438,30.83
WY,Weyerhaeuser,Real Estate,Timber REITs,"Seattle, Washington",,106535,1900,23137531000.44104,31.47
WHR,Whirlpool Corporation,Consumer Discretionary,Household Appliances,"Benton Harbor, Michigan",,106640,1911,7606394804.023743,139.54
WMB,Williams Companies,Energy,Oil & Gas Storage & Transportation,"Tulsa, Oklahoma",1975-03-31,107263,1908,36661804225.73218,30.08
WTW,Willis Towers Watson,Financials,Insurance Brokers,"London, United Kingdom",2016-01-05,1140536,2016,25322938749.816895,237.85
GWW,W. W. Grainger,Industrials,Industrial Machinery & Supplies & Components,"Lake Forest, Illinois",1981-06-30,277135,1927,33446308092.86499,665.43
WYNN,Wynn Resorts,Consumer Discretionary,Casinos & Gaming,"Paradise, Nevada",2008-11-14,1174922,2002,12746026152.236938,112.12
XEL,Xcel Energy,Utilities,Multi-Utilities,"Minneapolis, Minnesota",1957-03-04,72903,1909,38840170094.4668,70.59
XYL,Xylem Inc.,Industrials,Industrial Machinery & Supplies & Components,"White Plains, New York",2011-11-01,1524472,2011,18737310934.158325,103.74
YUM,Yum! Brands,Consumer Discretionary,Restaurants,"Louisville, Kentucky",1997-10-06,1041061,1997,38393598632.8125,137.12
ZBRA,Zebra Technologies,Information Technology,Electronic Equipment & Instruments,"Lincolnshire, Illinois",2019-12-23,877212,1969,15049240473.999023,292.76
ZBH,Zimmer Biomet,Health Care,Health Care Equipment,"Warsaw, Indiana",2001-08-07,1136869,1927,28977298735.595703,138.12
ZION,Zions Bancorporation,Financials,Regional Banks,"Salt Lake City, Utah",2001-06-22,109380,1873,4845799722.544922,32.72
ZTS,Zoetis,Health Care,Pharmaceuticals,"Parsippany, New Jersey",2013-06-21,1555280,1952,80938573243.5747,174.98
